{
    "RenderChunkConstants": [
        {
            "Name": "CHUNK_ORIGIN_AND_SCALE",
            "Type": "Float4"
        }
    ],

    "EntityConstants": [
        {
            "Name": "OVERLAY_COLOR",
            "Type": "Float4"
        },
        {
            "Name": "TILE_LIGHT_COLOR",
            "Type": "Float4"
        },
        {
            "Name": "CHANGE_COLOR",
            "Type": "Float4"
        },
        {
            "Name": "GLINT_COLOR",
            "Type": "Float4"
        },
        {
            "Name": "UV_ANIM",
            "Type": "Float2"
        },
        {
            "Name": "UV_OFFSET",
            "Type": "Float2"
        },
        {
            "Name": "UV_ROTATION",
            "Type": "Float2"
        },
        {
            "Name": "GLINT_UV_SCALE",
            "Type": "Float2"
        }
    ],

    "PerFrameConstants": [
        {
            "Name": "VIEW_DIRECTION",
            "Type": "Float3"
        },
        {
            "Name": "TIME",
            "Type": "Float1"
        },
        {
            "Name": "VIEW_POS",
            "Type": "Float3"
        },
        {
            "Name": "FAR_CHUNKS_DISTANCE",
            "Type": "Float1"
        },
        {
            "Name": "FOG_COLOR",
            "Type": "Float4"
        },
        {
            "Name": "FOG_CONTROL",
            "Type": "Float2"
        },
        {
            "Name": "RENDER_DISTANCE",
            "Type": "Float1"
        }
    ],

    "WorldConstants": [
        {
            "Name": "WORLDVIEWPROJ",
            "Type": "Matrix4x4"
        },
        {
            "Name": "WORLD",
            "Type": "Matrix4x4"
        },
        {
            "Name": "WORLDVIEW",
            "Type": "Matrix4x4"
        },
        {
            "Name": "PROJ",
            "Type": "Matrix4x4"
        }
    ],

    "WorldConstantsStereographic": [
        {
            "Name": "WORLDVIEWPROJ_STEREO",
            "Type": "Matrix4x4",
            "Elements" : 2
        },
        {
            "Name": "WORLD_STEREO",
            "Type": "Matrix4x4"
        },
        {
            "Name": "WORLDVIEW_STEREO",
            "Type": "Matrix4x4",
            "Elements" : 2
        },
        {
            "Name": "PROJ_STEREO",
            "Type": "Matrix4x4",
            "Elements" : 2
        }
    ],

    "ShaderConstants": [
        {
            "Name": "CURRENT_COLOR",
            "Type": "Float4"
        },
        {
            "Name": "DARKEN",
            "Type": "Float4"
        },
        {
            "Name": "ATLAS_FACE_SIZE",
            "Type": "Float2"
        },
        {
            "Name": "TEXTURE_DIMENSIONS",
            "Type": "Float3"
        }
    ],

    "WeatherConstants": [
        {
            "Name": "POSITION_OFFSET",
            "Type": "Float4"
        },
        {
            "Name": "VELOCITY",
            "Type": "Float4"
        },
        {
            "Name": "ALPHA",
            "Type": "Float4"
        },
        {
            "Name": "VIEW_POSITION",
            "Type": "Float4"
        },
        {
            "Name": "SIZE_SCALE",
            "Type": "Float4"
        },
        {
            "Name": "FORWARD",
            "Type": "Float4"
        },
        {
            "Name": "UV_INFO",
            "Type": "Float4"
        },
        {
            "Name": "PARTICLE_BOX",
            "Type": "Float4"
        }
    ],

    "HoloConstants": [
        {
            "Name": "TABLE_REVEAL_CENTER",
            "Type": "Float4"
        },
        {
            "Name": "TABLE_REVEAL_CONSTANTS",
            "Type": "Float4"
        },
        {
            "Name": "GAZE_DIRECTION",
            "Type": "Float3"
        },
        {
            "Name": "SKIRT_UVS",
            "Type": "Float4"
        },
        {
            "Name": "SKIRT_UV_SCALE",
            "Type": "Float4"
        },
        {
            "Name": "CHUNK_CLIP_MIN",
            "Type": "Float2"
        },
        {
            "Name": "CHUNK_CLIP_MAX",
            "Type": "Float2"
        },
        {
            "Name": "CLIP_MIN",
            "Type": "Float2"
        },
        {
            "Name": "CLIP_MAX",
            "Type": "Float2"
        }
    ]
}
